,EBITDA,EPSSurpriseDollar,EPSSurprisePercent,beta,cash,cashChange1,cashChange2,cashChange3,cashChange4,cashFlow1,cashFlow2,cashFlow3,cashFlow4,companyName,consensusEPS,costOfRevenue1,costOfRevenue2,costOfRevenue3,costOfRevenue4,currentAssets,currentCash1,currentCash2,currentCash3,currentCash4,currentDebt1,currentDebt2,currentDebt3,currentDebt4,day200MovingAvg,day50MovingAvg,day5ChangePercent,debt,dividendRate,dividendYield,exDividendDate,float,grossProfit,grossProfit1,grossProfit2,grossProfit3,grossProfit4,insiderPercent,institutionPercent,latestEPS,latestEPSDate,marketcap,month1ChangePercent,month3ChangePercent,month6ChangePercent,name,netIncome1,netIncome2,netIncome3,netIncome4,numberOfEstimates,operatingExpense1,operatingExpense2,operatingExpense3,operatingExpense4,operatingGainsLosses1,operatingGainsLosses2,operatingGainsLosses3,operatingGainsLosses4,operatingIncome1,operatingIncome2,operatingIncome3,operatingIncome4,operatingRevenue1,operatingRevenue2,operatingRevenue3,operatingRevenue4,peRatioHigh,peRatioLow,priceToBook,priceToSales,profitMargin,reportDate1,reportDate2,reportDate3,reportDate4,researchAndDevelopment1,researchAndDevelopment2,researchAndDevelopment3,researchAndDevelopment4,returnOnAssets,returnOnCapital,returnOnEquity,revenue,revenuePerEmployee,revenuePerShare,shareholderEquity1,shareholderEquity2,shareholderEquity3,shareholderEquity4,sharesOutstanding,shortDate,shortInterest,shortRatio,symbol,ticker,totalAssets1,totalAssets2,totalAssets3,totalAssets4,totalCash1,totalCash2,totalCash3,totalCash4,totalDebt1,totalDebt2,totalDebt3,totalDebt4,totalLiabilities1,totalLiabilities2,totalLiabilities3,totalLiabilities4,totalRevenue1,totalRevenue2,totalRevenue3,totalRevenue4,ttmEPS,week52change,week52high,week52low,year1ChangePercent,year2ChangePercent,year5ChangePercent,ytdChangePercent
0,1022000000.0,,13.4615,1.285984,9482000000.0,174000000.0,148000000.0,-48000000.0,90000000.0,228000000.0,257000000.0,116000000.0,234000000.0,Agilent Technologies Inc.,0.52,518000000.0,510000000.0,493000000.0,523000000.0,3635000000.0,2563000000.0,2389000000.0,2241000000.0,2289000000.0,280000000.0,241000000.0,190000000.0,,58.20598,65.85447,0.0130389687361,6116000000.0,0.528,0.77226853,2017-10-02 00:00:00.0,318358088,2350000000.0,596000000.0,592000000.0,574000000.0,588000000.0,,88.1,1.4,2016-10-31,22003380565,0.0302893309222,0.123213405619,0.213955965909,Agilent Technologies Inc.,175000000.0,164000000.0,168000000.0,126000000.0,9,395000000.0,391000000.0,368000000.0,405000000.0,,,,,201000000.0,201000000.0,206000000.0,183000000.0,1114000000.0,1102000000.0,1067000000.0,1111000000.0,40.4,10.9,4.75,6.7022176,15.44,2017-07-31,2017-04-30,2017-01-31,2016-10-31,87000000.0,84000000.0,79000000.0,84000000.0,7.7,,13.75,4394000000.0,330376,14,4608000000.0,4372000000.0,4297000000.0,4243000000.0,321828003,2017-10-13,2390638,1.6762092,A,A,8261000000.0,8016000000.0,7872000000.0,7802000000.0,2563000000.0,2389000000.0,2241000000.0,2289000000.0,2081000000.0,2043000000.0,1992000000.0,,3653000000.0,3644000000.0,3575000000.0,3559000000.0,1114000000.0,1102000000.0,1067000000.0,1111000000.0,2.29,58.1153,68.67,42.92,0.49573397506,0.792606187729,0.78605015674,0.470638847064
1,1689000000.0,,-4.0,2.807225,3730000000.0,165000000.0,150000000.0,-49000000.0,612000000.0,384000000.0,311000000.0,74000000.0,239000000.0,Alcoa Corporation,0.75,2361000000.0,2309000000.0,2043000000.0,2123000000.0,3181000000.0,1119000000.0,954000000.0,804000000.0,853000000.0,17000000.0,19000000.0,20000000.0,21000000.0,37.5706,46.2332,-0.00632644453817,5734000000.0,0.36,0.7640068,2016-11-08 00:00:00.0,184617620,2179000000.0,603000000.0,550000000.0,612000000.0,414000000.0,,73.1,-3.63,2016-12-31,8718280414,-0.00779111391872,0.240326401685,0.519019987105,Alcoa Corporation,113000000.0,75000000.0,225000000.0,-125000000.0,6,272000000.0,270000000.0,258000000.0,281000000.0,16000000.0,46000000.0,-93000000.0,37000000.0,331000000.0,280000000.0,354000000.0,133000000.0,2964000000.0,2859000000.0,2655000000.0,2537000000.0,0.0,0.0,1.51,0.7914916,4.21,2017-09-30,2017-06-30,2017-03-31,2016-12-31,8000000.0,8000000.0,7000000.0,7000000.0,1.63,,4.38,11015000000.0,786786,60,5862000000.0,5954000000.0,5876000000.0,5654000000.0,185022929,2017-10-13,5047408,1.3094366,AA,AA,17254000000.0,16929000000.0,17076000000.0,16741000000.0,1119000000.0,954000000.0,804000000.0,853000000.0,1401000000.0,1437000000.0,1451000000.0,1445000000.0,11392000000.0,10975000000.0,11200000000.0,11087000000.0,2964000000.0,2859000000.0,2655000000.0,2537000000.0,2.11,95.8167,50.31,24.3,0.878787878788,1.09422222222,1.09422222222,0.634408602151
2,-28958932.645,,0.0,1.121782,767393386.555,-33189605.46,-7560858.96,148622684.35,-2439459.75,-4292222.22,-5310501.84,-666134.385,2374257.6,Advanced Accelerator Applications S.A.,-0.18,9746326.26,8844798.51,8870216.005,6825990.6,134496297.0,199876804.38,226703235.15,233704777.6,81926501.475,3910640.58,3855015.18,4227269.865,,44.9644,63.0792,0.00608695652174,50068361.875,0.0,0.0,0,44166578,101771967.585,31988880.0,25927054.83,20640694.83,23215337.925,,,-0.65,2016-12-31,3577051152,0.145382548437,0.632533763354,1.19604121475,Advanced Accelerator Applications S.A.,-11325205.98,-12016821.78,-15409487.835,-7018224.525,3,38815078.5,32846476.77,33552967.98,28996969.95,-6854.76,-2131.02,-12628.14,202351.5,-6826198.5,-6919421.94,-12912273.15,-5781632.025,41735206.26,34771853.34,29510910.835,30041328.525,0.0,0.0,10.72,34.837563,-36.86,2017-06-30,2017-03-31,2016-12-31,2016-09-30,4509289.62,3756988.26,2608763.255,1516512.075,-12.58,,-18.54,136059298.96,271575,3,327231390.42,312539655.24,315136286.045,183144970.125,44166578,2017-10-13,154930,0.3140367,AAAP,AAAP,451789234.38,438928320.42,440662102.335,302587439.7,225010924.38,226751183.1,233704777.6,81926501.475,16462848.6,16432295.22,17173218.055,,124557843.96,126388665.18,125525816.29,119442469.575,41735206.26,34771853.34,29510910.835,30041328.525,-0.88,128.3338,81.5,23.5,1.26039631594,2.30571428571,2.30571428571,1.98195876289
3,0.0,,0.0,1.898346,0.0,,209444000.0,-291839000.0,85904000.0,,214455000.0,255259000.0,217906000.0,Altaba Inc.,0.0,,750276000.0,770617000.0,702958000.0,7790956000.0,,1328913000.0,1119469000.0,1411308000.0,,,,,54.71585,66.5914,0.0198954400232,0.0,0.0,0.0,0,870270585,0.0,,576994000.0,698523000.0,602248000.0,,78.2,-0.22,2016-12-31,62285193256,0.035077376566,0.169915042479,0.437666325486,Altaba Inc.,,99434000.0,161998000.0,162826000.0,0,,635741000.0,634372000.0,654567000.0,,-119082000.0,-114185000.0,-108623000.0,,-58747000.0,64151000.0,-52319000.0,,1327270000.0,1469140000.0,1305206000.0,0.0,0.0,1.75,22.36207,7.92,,2017-03-31,2016-12-31,2016-09-30,,252220000.0,253754000.0,243644000.0,-0.03,,-0.05,0.0,0,0,,35435717000.0,31049283000.0,34836272000.0,886874459,2017-10-13,19936013,2.7199605,AABA,AABA,,55368726000.0,48083079000.0,54671626000.0,,6911062000.0,6820394000.0,6600515000.0,,,,,,19933009000.0,17033796000.0,19835354000.0,,1327270000.0,1469140000.0,1305206000.0,0.0,74.5712,72.47,38.24,0.71084043849,1.05350877193,3.02233676976,0.805398457584
4,22542000.0,,140.0,1.831428,20637000.0,4913000.0,1916000.0,-9312000.0,6007000.0,4033000.0,4356000.0,-1173000.0,-5002000.0,AAC Holdings Inc.,0.05,,,,,96919000.0,10793000.0,5880000.0,3964000.0,13276000.0,4503000.0,10965000.0,9445000.0,8617000.0,8.05125,9.439,0.229268292683,600497000.0,0.0,0.0,0,8298595,0.0,,,,,,65.5,-0.02,2016-12-31,242533751,0.0992366412214,0.238329238329,0.405857740586,AAC Holdings Inc.,-1916000.0,-603000.0,478000.0,-2525000.0,3,72103000.0,72480000.0,73602000.0,73240000.0,,,,163000.0,5939000.0,559000.0,-1250000.0,-2712000.0,78042000.0,73039000.0,72352000.0,70528000.0,0.0,0.0,1.14,1.0854876,-2.57,2017-06-30,2017-03-31,2016-12-31,2016-09-30,,,,,-1.17,,-2.72,223433000.0,111717,9,166999000.0,166863000.0,165106000.0,163540000.0,24060888,2017-10-13,3089439,21.497732,AAC,AAC,406651000.0,396622000.0,383884000.0,380342000.0,10793000.0,5880000.0,3964000.0,13276000.0,212970000.0,198421000.0,189106000.0,189426000.0,239652000.0,229759000.0,218778000.0,216802000.0,78042000.0,73039000.0,72352000.0,70528000.0,0.65,29.2308,13.0551,5.99,0.326315789474,-0.588571428571,-0.455135135135,0.305699481865
5,5794000000.0,,2.1583,1.535497,25689000000.0,-46000000.0,12000000.0,52000000.0,-59000000.0,369000000.0,1688000000.0,2250000000.0,627000000.0,American Airlines Group Inc.,1.39,4486000000.0,4371000000.0,4202000000.0,4098000000.0,10324000000.0,340000000.0,386000000.0,374000000.0,322000000.0,2467000000.0,2334000000.0,1714000000.0,1855000000.0,47.00671,48.02,0.0042328042328,98430000000.0,0.4,0.8429926,2017-11-10 00:00:00.0,467696124,24239000000.0,6392000000.0,6734000000.0,5422000000.0,5691000000.0,,81.2,4.83,2016-12-31,22704781014,-0.0750487329435,-0.0618821668644,0.055852247441,American Airlines Group Inc.,624000000.0,803000000.0,234000000.0,289000000.0,10,5160000000.0,5199000000.0,4821000000.0,4924000000.0,,,,,1232000000.0,1535000000.0,601000000.0,767000000.0,10878000000.0,11105000000.0,9624000000.0,9789000000.0,0.0,0.0,5.67,0.54743737,5.02,2017-09-30,2017-06-30,2017-03-31,2016-12-31,,,,,3.69,,45.7,41396000000.0,324420,87,3948000000.0,3715000000.0,3457000000.0,3785000000.0,478499073,2017-10-13,25812673,4.2508736,AAL,AAL,52401000000.0,53336000000.0,52627000000.0,51274000000.0,5768000000.0,6886000000.0,6676000000.0,6359000000.0,24684000000.0,24859000000.0,24543000000.0,24344000000.0,48453000000.0,49621000000.0,49170000000.0,47489000000.0,10878000000.0,11105000000.0,9624000000.0,9789000000.0,4.87,21.2661,54.48,39.21,0.143649072066,0.0465372739303,2.74506708761,0.024838012959
6,0.0,,0.0,2.908697,0.0,797000.0,-9729000.0,-1309000.0,2474000.0,2323000.0,-5800000.0,2857000.0,3201000.0,Altisource Asset Management Corp Com,0.0,,,,,65941000.0,31652000.0,30855000.0,40584000.0,41893000.0,,,,,81.16004,89.2985,-0.0388523610281,0.0,0.0,0.0,0,1329237,0.0,,,4415000.0,5102000.0,16.5,41.2,-2.95,2016-12-31,126456095,-0.0971364402021,-0.0940845070423,0.0842886041807,Altisource Asset Management Corp Com,-1742000.0,-1318000.0,-1663000.0,-1071000.0,0,6343000.0,6528000.0,6414000.0,6032000.0,,,,,-1700000.0,-1517000.0,-1999000.0,-930000.0,4643000.0,5011000.0,5204000.0,4854000.0,0.0,0.0,335.5,8.510978,-31.79,2017-06-30,2017-03-31,2016-12-31,2016-09-30,,,,,-9.86,,1.89,0.0,0,0,-193910000.0,-190178000.0,-192279000.0,-189022000.0,1572837,2017-10-13,55824,17.066341,AAMC,AAMC,60463000.0,63229000.0,65748000.0,65941000.0,52673000.0,55628000.0,40584000.0,59600000.0,,,,,254373000.0,253407000.0,258027000.0,254963000.0,4643000.0,5011000.0,4415000.0,5102000.0,0.0,123.6439,116.0,26.975,1.2905982906,2.09230769231,4.36,0.516981132075
7,0.0,,0.0,0.433238,0.0,1966000.0,-2574000.0,1388000.0,-2104000.0,388000.0,-6148000.0,3592000.0,5737000.0,Atlantic American Corporation,0.0,,,,,,12644000.0,10678000.0,13252000.0,11864000.0,,,,,3.61427,3.34361,0.0140845070423,0.0,0.02,0.5555556,2017-04-11 00:00:00.0,16609897,0.0,,,,,18.8,5.0,0.11,2016-12-31,73671923,0.0588235294118,0.0140845070423,-0.0526315789474,Atlantic American Corporation,1460000.0,-221000.0,1348000.0,149000.0,0,,,,,-1396000.0,-883000.0,-1184000.0,-527000.0,2185000.0,-347000.0,1474000.0,317000.0,,,,,27.9,6.7,0.68,0.5857524,2.03,2017-06-30,2017-03-31,2016-12-31,2016-09-30,,,,,0.72,,2.17,0.0,0,0,107536000.0,106981000.0,105506000.0,108951000.0,20464423,2017-10-13,8014,2.276058,AAME,AAME,332741000.0,312914000.0,318600000.0,321503000.0,,,,,,,,,225205000.0,205933000.0,213094000.0,212552000.0,43632000.0,43859000.0,40029000.0,42447000.0,0.0,-13.8529005,4.35,3.04,-0.0526315789474,-0.242105263158,0.224489795918,-0.121951219512
8,1704559000.0,,-20.3704,0.22368,1130742000.0,-134082000.0,-88155000.0,39929000.0,-10925000.0,64665000.0,11429000.0,104179000.0,3657000.0,Aaron's Inc.,0.54,55130000.0,65758000.0,67476000.0,84453000.0,1509042000.0,126253000.0,260335000.0,348490000.0,308561000.0,,,,,36.64827,41.74264,-0.0172646344753,0.0,0.11,0.30194893,2017-09-14 00:00:00.0,65751691,3021218000.0,783753000.0,749886000.0,777078000.0,710501000.0,,96.6,1.91,2016-12-31,2644027505,-0.179319666592,-0.20388986014,0.00914127423823,Aaron's Inc.,25341000.0,36335000.0,53300000.0,21631000.0,8,741064000.0,688880000.0,690589000.0,672766000.0,,,,,42689000.0,61006000.0,86489000.0,37735000.0,838883000.0,815644000.0,844554000.0,794954000.0,0.0,0.0,1.65,0.80267143,4.4,2017-09-30,2017-06-30,2017-03-31,2016-12-31,,,,,5.19,,8.83,3294035000.0,286438,45,1573956000.0,1542073000.0,1500193000.0,1481598000.0,72578301,2017-10-13,6208980,6.4972906,AAN,AAN,2595004000.0,2548130000.0,2624484000.0,2615736000.0,149146000.0,282587000.0,369929000.0,329080000.0,,,,,1021048000.0,1006057000.0,1124291000.0,1134138000.0,838883000.0,815644000.0,844554000.0,794954000.0,2.41,47.1277,48.2199,25.22,0.40061514802,0.449085123309,0.208692767087,0.142006269592
9,97753000.0,,0.0,2.886952,240803000.0,15153000.0,9448000.0,-5683000.0,13618000.0,40208000.0,9676000.0,28736000.0,6231000.0,Applied Optoelectronics Inc.,0.95,64089000.0,54752000.0,52662000.0,46976000.0,164161000.0,74825000.0,59672000.0,50224000.0,55907000.0,4552000.0,4690000.0,8172000.0,25092000.0,57.04425,54.5564,-0.102089268756,191345000.0,0.0,0.0,0,18221419,150153000.0,53282000.0,41472000.0,32238000.0,23161000.0,,83.1,1.73,2016-12-31,730047402,-0.349836685577,-0.457310948486,-0.341000174246,Applied Optoelectronics Inc.,29071000.0,19789000.0,14225000.0,17736000.0,4,19017000.0,17157000.0,16394000.0,16401000.0,-9000.0,49000.0,37000.0,4000.0,34265000.0,24315000.0,15844000.0,6760000.0,117371000.0,96224000.0,84900000.0,70137000.0,0.0,0.0,2.56,2.5401766,20.59,2017-06-30,2017-03-31,2016-12-31,2016-09-30,8073000.0,7432000.0,7208000.0,8362000.0,22.54,,33.71,368632000.0,132793,19,307502000.0,276173000.0,227384000.0,187538000.0,19303210,2017-10-13,13162794,4.6898546,AAOI,AAOI,406986000.0,367626000.0,322318000.0,326791000.0,74867000.0,59714000.0,50268000.0,55954000.0,27366000.0,28553000.0,43133000.0,92293000.0,99484000.0,91453000.0,94934000.0,139253000.0,117371000.0,96224000.0,84900000.0,70137000.0,3.58,81.3909,103.41,21.66,0.609361702128,1.14520703347,2.79718875502,0.637229437229
10,89132000.0,,-6.6667,0.998361,158139000.0,-10037000.0,1929000.0,7470000.0,9591000.0,8105000.0,23594000.0,10166000.0,16916000.0,AAON Inc.,0.3,78010000.0,69648000.0,61092000.0,65158000.0,140981000.0,23515000.0,33552000.0,31623000.0,24153000.0,,,,,34.94421,33.7725,0.00437317784257,0.0,0.26,0.754717,2017-06-07 00:00:00.0,40780301,118832000.0,35658000.0,31678000.0,24986000.0,26510000.0,,71.1,1.0,2016-12-31,1812194778,-0.0282087447109,-0.0143061516452,-0.0663956639566,AAON Inc.,14717000.0,13794000.0,10217000.0,11420000.0,1,13033000.0,12019000.0,10529000.0,8632000.0,-1000.0,48000.0,-1000.0,,22625000.0,19659000.0,14457000.0,17878000.0,113668000.0,101326000.0,86078000.0,91668000.0,0.0,0.0,8.46,4.6008415,13.47,2017-09-30,2017-06-30,2017-03-31,2016-12-31,,,,,17.54,,22.58,392740000.0,242582,7,230298000.0,217747000.0,211795000.0,205898000.0,52603622,2017-10-13,3016164,20.716835,AAON,AAON,303138000.0,285011000.0,265283000.0,256530000.0,34857000.0,46284000.0,38762000.0,38236000.0,,,,,72840000.0,67264000.0,53488000.0,50632000.0,113668000.0,101326000.0,86078000.0,91668000.0,0.94,25.985102,38.2,27.9,0.215167548501,0.421791167974,2.74819118495,0.0329835082459
11,890490000.0,,0.0,0.911383,637989000.0,131143000.0,-9091000.0,15684000.0,14667000.0,232268000.0,35081000.0,91457000.0,200977000.0,Advance Auto Parts Inc W/I,1.23,1270639000.0,1620154000.0,1175327000.0,1260650000.0,5262126000.0,257230000.0,126087000.0,135178000.0,119494000.0,,520000.0,306000.0,372000.0,124.77867,92.2078,-0.00243902439024,3160152000.0,0.24,0.29339853,2017-09-21 00:00:00.0,70565714,4159541000.0,993088000.0,1270684000.0,907564000.0,988205000.0,,,6.19,2016-12-31,6041959698,-0.132463675894,-0.252899808202,-0.443423827992,Advance Auto Parts Inc W/I,87049000.0,107960000.0,62365000.0,113844000.0,11,846377000.0,1090904000.0,801417000.0,794437000.0,4086000.0,275000.0,1397000.0,2200000.0,146711000.0,179780000.0,106147000.0,193768000.0,2263727000.0,2890838000.0,2082891000.0,2248855000.0,0.0,0.0,1.93,0.83481824,3.66,2017-06-30,2017-03-31,2016-12-31,2016-09-30,,,,,4.34,,12.47,9486311000.0,128193,128,3128277000.0,3023675000.0,2916192000.0,2855721000.0,73862588,2017-10-13,7385454,4.076015,AAP,AAP,8437413000.0,8428657000.0,8315033000.0,8414645000.0,257230000.0,126087000.0,135178000.0,119494000.0,,1073892000.0,1043255000.0,1043005000.0,5309136000.0,5404982000.0,5398841000.0,5558924000.0,2263727000.0,2890838000.0,2082891000.0,2248855000.0,5.91,-40.9779,177.83,80.21,-0.405263923222,-0.588365539452,0.0169070114371,-0.520515826495
12,75106000000.0,,6.3694,1.215679,2.78493e+11,1718000000.0,3414000000.0,-1214000000.0,-4113000000.0,15656000000.0,8363000000.0,12523000000.0,27056000000.0,Apple Inc.,1.57,32648000000.0,27920000000.0,32305000000.0,48175000000.0,1.03332e+11,20289000000.0,18571000000.0,15157000000.0,16371000000.0,18473000000.0,18475000000.0,13991000000.0,13992000000.0,147.75285,158.8648,0.0346689059501,4.1009e+11,2.52,1.4608696,2017-11-10 00:00:00.0,5155362610,88186000000.0,19931000000.0,17488000000.0,20591000000.0,30176000000.0,,62.0,8.29,2017-09-30,891001830000,0.110753380554,0.0862036395693,0.127377295602,Apple Inc.,10714000000.0,8717000000.0,11029000000.0,17891000000.0,13,6811000000.0,6720000000.0,6494000000.0,6817000000.0,,,,,13120000000.0,10768000000.0,14097000000.0,23359000000.0,52579000000.0,45408000000.0,52896000000.0,78351000000.0,185.5,9.5,6.59,3.787948,21.14,2017-09-30,2017-06-30,2017-03-31,2016-12-31,2997000000.0,2937000000.0,2776000000.0,2871000000.0,14.56,,38.65,2.29234e+11,1976155,44,1.34047e+11,1.32425e+11,1.34082e+11,1.3239e+11,5165228000,2017-10-13,34242622,1.2789901,AAPL,AAPL,3.75319e+11,3.45173e+11,3.34532e+11,3.31141e+11,74181000000.0,76759000000.0,67101000000.0,60452000000.0,1.1568e+11,1.08339e+11,98522000000.0,87549000000.0,2.41272e+11,2.12748e+11,2.0045e+11,1.98751e+11,52579000000.0,45408000000.0,52896000000.0,78351000000.0,8.8,59.015102,174.26,104.08,0.562358482022,0.424913266149,1.07172118596,0.485148514851
13,179191000.0,,-3.7037,0.533991,360498000.0,,-158730000.0,145309000.0,-17158000.0,,36044000.0,47836000.0,19936000.0,American Assets Trust Inc.,0.54,21177000.0,27745000.0,19859000.0,20919000.0,102533000.0,,31380000.0,190110000.0,44801000.0,,,,20000000.0,40.63401,40.07596,-0.0174180327869,4771812000.0,1.08,2.8154328,2017-12-06 00:00:00.0,46544811,220099000.0,61162000.0,49361000.0,53933000.0,55643000.0,1.2,,0.73,2016-12-31,1807909217,-0.0474298485225,-0.050024764735,-0.0528395061728,American Assets Trust Inc.,9094000.0,5519000.0,7387000.0,8861000.0,4,34685000.0,29313000.0,30604000.0,30533000.0,,,10430000.0,,26477000.0,20048000.0,23329000.0,25110000.0,82339000.0,77106000.0,73792000.0,76562000.0,355.6,30.1,2.18,5.835749,13.82,2017-09-30,2017-06-30,2017-03-31,2016-12-31,,,,,1.45,,3.79,309799000.0,1912340,7,836460000.0,839065000.0,834881000.0,809556000.0,47130063,2017-10-13,1050312,5.4745665,AAT,AAT,2275618000.0,2171176000.0,2115341000.0,1986933000.0,94207000.0,31380000.0,190110000.0,44801000.0,1324801000.0,1224986000.0,1160495000.0,1061530000.0,1439158000.0,1332111000.0,1280460000.0,1177377000.0,82339000.0,77106000.0,73792000.0,76562000.0,1.93,2.9122,44.83,36.791,-0.0268899036022,-0.0385964912281,0.397449908925,-0.10873605948
14,0.0,,0.0,-0.600555,0.0,6900798.5662,933646.418349,-2056036.96816,4062258.87538,-472623.796296,-593401.48812,-247507.357674,-189537.375612,Almaden Minerals Ltd.,0.0,,,,,9815934.24162,15395233.9601,8268214.63269,7267184.48296,9547858.36196,,,,,1.21297,1.14846,-0.100099009901,0.0,0.0,0.0,0,101336112,0.0,,,,,,12.5,0.0,2016-12-31,92104392,-0.236218487395,-0.181171171171,-0.306183206107,Almaden Minerals Ltd.,-632695.575631,-1171049.80481,-524510.391552,-696540.847704,0,668432.046736,1270348.68674,701046.335262,792467.773344,1357.42288,,,,-668432.046736,-1270348.68674,-948237.566886,-702800.892768,,,,74308.5174,0.0,0.0,2.02,,,2017-06-30,2017-03-31,2016-12-31,2016-09-30,,,,,-7.28,,-7.53,0.0,0,0,49585351.2869,36561744.5778,33636696.8729,34878187.6694,101336112,2017-10-13,2009814,10.479407,AAU,AAU,50940987.9218,38103505.1536,35342070.4623,36305608.2029,15395233.9601,8268214.63269,7267184.48296,9547858.36196,,,,,1355636.63489,1541760.57582,1705373.58933,1427420.5335,,,,89666.880576,0.0,-33.656902,1.75,0.7526,-0.346115107914,0.62739480752,-0.643568627451,-0.100099009901
15,159980625.558,,-100.0,0.909567,0.0,,,,,34230194.466,41672633.73,42471720.774,36478588.224,Advantage Oil & Gas Ltd,0.02,10347264.408,11350931.76,21733108.068,2004158.988,28222763.4,,,,,,,,,6.3185,6.006,0.0555555555556,0.0,0.0,0.0,0,185962315,136756916.559,38820751.842,39520310.889,26285323.188,32130530.64,,77.6,0.0,2016-12-31,1059985196,-0.0172413793103,-0.116279069767,-0.0806451612903,Advantage Oil & Gas Ltd,14144192.157,31717296.027,-6579140.97,6234907.38,2,25389206.697,24996823.731,19235340.36,30267295.032,,,,,13431545.145,14523487.158,7049982.828,1863235.608,49168016.25,50871242.649,48018431.256,34134689.628,0.0,0.0,1.05,5.465842,25.34,2017-06-30,2017-03-31,2016-12-31,2016-09-30,,,,,3.87,,4.76,182192379.783,6282496,1,981609557.99,940580095.977,898744872.498,925945828.392,185962315,2017-10-13,1836860,18.526072,AAV,AAV,1189087788.88,1150490504.73,1113105112.13,1151833818.56,,,,,,,,,207478230.893,209910408.753,214360239.636,225887990.172,49168016.25,50871242.649,48018431.256,34134689.628,0.1,-12.3077,7.55,5.05,-0.136363636364,-0.025641025641,0.578947368421,-0.129770992366
16,370927000.0,,0.0,1.410978,624924000.0,163811000.0,-19314000.0,24598000.0,-54693000.0,94153000.0,18654000.0,131338000.0,53600000.0,Atlas Air Worldwide Holdings,1.13,230875000.0,234979000.0,212773000.0,188213000.0,330315000.0,282747000.0,118936000.0,138250000.0,100671000.0,196136000.0,176208000.0,184748000.0,179482000.0,57.44713,65.1485,-0.0186991869919,7850558000.0,0.0,0.0,0,24359715,1103660000.0,286491000.0,240415000.0,316952000.0,259802000.0,,,1.59,2016-12-31,1524787892,-0.0856060606061,-0.0807311500381,0.151717557252,Atlas Air Worldwide Holdings,38939000.0,-752000.0,28417000.0,-7946000.0,4,228013000.0,216379000.0,215520000.0,233804000.0,-93000.0,-54000.0,,-11000.0,58478000.0,24036000.0,101432000.0,25998000.0,517366000.0,475394000.0,529725000.0,448015000.0,0.0,0.0,0.97,1.0160326,4.22,2017-06-30,2017-03-31,2016-12-31,2016-09-30,,,,,1.31,,3.76,1970500000.0,744709,78,1593302000.0,1511624000.0,1517338000.0,1483953000.0,25265748,2017-10-13,2552705,10.947546,AAWW,AAWW,4693293000.0,4409856000.0,4247379000.0,4166662000.0,279575000.0,114342000.0,128203000.0,102804000.0,2146119000.0,1980383000.0,1851411000.0,1872645000.0,3099991000.0,2898232000.0,2730041000.0,2682709000.0,517366000.0,475394000.0,529725000.0,448015000.0,4.73,41.8331,68.7,41.51,0.344097995546,0.4605517909,0.357094670564,0.170708050436
17,31888000.0,,0.0,1.172058,318724000.0,-13936000.0,1323000.0,-9949000.0,13294000.0,-5837000.0,-6609000.0,-4034000.0,11623000.0,Axon Enterprise Inc.,0.05,34006000.0,30572000.0,32307000.0,25317000.0,168448000.0,28038000.0,41974000.0,40651000.0,50600000.0,,,,51000.0,24.01328,22.8486,0.0236117184084,0.0,0.0,0.0,0,49855145,190642000.0,45637000.0,48670000.0,49770000.0,46565000.0,,99.6,0.32,2016-12-31,1236830573,-0.0130691399663,-0.0898133748056,-0.0650958466454,Axon Enterprise Inc.,2276000.0,4580000.0,6341000.0,3843000.0,3,44813000.0,43320000.0,40357000.0,35479000.0,,,-145000.0,211000.0,824000.0,5350000.0,9413000.0,11086000.0,79643000.0,79242000.0,82077000.0,71882000.0,0.0,0.0,7.42,5.1482344,5.56,2017-06-30,2017-03-31,2016-12-31,2016-09-30,12989000.0,12463000.0,9614000.0,7358000.0,6.18,,11.29,312844000.0,347219,6,163461000.0,157390000.0,150888000.0,141328000.0,52833429,2017-10-13,17553863,34.103184,AAXN,AAXN,316311000.0,299518000.0,278163000.0,252200000.0,61834000.0,71604000.0,89066000.0,96220000.0,,,,,152850000.0,142128000.0,127275000.0,110872000.0,79643000.0,79242000.0,82077000.0,71882000.0,0.3,6.5059,28.49,21.18,0.0507181328546,0.159484893512,1.84101941748,-0.0475996745321
18,0.0,,-1.9231,1.615083,0.0,,,,,46009000.0,44463000.0,64319000.0,42528000.0,AllianceBernstein Holding L.P. Units,0.52,,,,,,,,,,,,,,22.45703,24.09999,-0.0172413793103,0.0,2.04,7.9532166,2017-11-03 00:00:00.0,88415347,0.0,,,,,,32.2,2.23,2016-12-31,2401514928,0.0363636363636,0.0405679513185,0.230215827338,AllianceBernstein Holding L.P. Units,43178000.0,41741000.0,43910000.0,72664000.0,2,,,,,-49055000.0,-47947000.0,-49666000.0,-78630000.0,,,,,,,,,0.0,0.0,1.68,,,2017-09-30,2017-06-30,2017-03-31,2016-12-31,,,,,13.51,,13.51,0.0,0,0,,,,,93626313,2017-10-13,911435,4.6945853,AB,AB,1441672000.0,1441058000.0,1512171000.0,1540508000.0,,,,,,,,,224000.0,547000.0,313000.0,619000.0,,,,,2.13,33.499603,26.65,20.4,0.215639810427,0.0102402520677,0.539615846339,0.0665280665281
19,0.0,,0.0,2.118992,0.0,1372003.0,2061070.0,-263471.0,2279897.0,1005881.0,1635397.0,59540.0,2734658.0,Aoxin Tianli Group Inc.,0.0,5387139.0,5742884.0,5916143.0,6983613.0,67793389.0,57891099.0,56519096.0,54458026.0,54721497.0,2065682.0,2612044.0,2591793.0,2698562.0,2.48511,2.77031,0.030303030303,0.0,0.0,0.0,0,0,0.0,835021.0,938107.0,1270109.0,857758.0,,1.3,-0.26,2016-12-31,27144733,-0.0285714285714,0.511111111111,1.06060606061,Aoxin Tianli Group Inc.,64422.0,33094.0,373965.0,-2707347.0,0,779609.0,909708.0,934998.0,947907.0,27860.0,40085.0,-56685.0,103295.0,55412.0,28399.0,335111.0,-90149.0,6222160.0,6680991.0,7186252.0,7841371.0,0.0,0.0,0.31,1.3511965,1.42,2017-06-30,2017-03-31,2016-12-31,2016-09-30,,,,,-2.33,,-2.5,0.0,0,0,86291818.0,84803709.0,84113850.0,86864316.0,7983745,2017-10-13,5145,0.22150946,ABAC,ABAC,89848961.0,89001390.0,88176134.0,96068732.0,57891099.0,56519096.0,54458026.0,54721497.0,,,,,3557143.0,4197681.0,4062284.0,9204416.0,6222160.0,6680991.0,7186252.0,7841371.0,0.0,28.3019,4.76,1.6,0.259259259259,0.287878787879,-0.316280566281,-0.0933333333333
20,45712000.0,,0.0,0.867895,567251000.0,,141000.0,5679000.0,-4740000.0,,11298000.0,10883000.0,5546000.0,ABAXIS Inc.,0.3,26693000.0,26314000.0,26018000.0,23368000.0,223553000.0,,91473000.0,91332000.0,85653000.0,,,,,48.19903,45.98741,-0.0077308817384,0.0,0.64,1.3476522,2017-11-30 00:00:00.0,21189122,125691000.0,32161000.0,31944000.0,32182000.0,29404000.0,,99.8,1.43,2017-03-31,1077577876,0.0180064308682,0.0232708468003,-0.00814536340852,ABAXIS Inc.,6601000.0,6330000.0,7550000.0,6844000.0,4,22726000.0,23483000.0,21022000.0,18564000.0,,54000.0,184000.0,14000.0,9435000.0,8461000.0,11160000.0,10840000.0,58854000.0,58258000.0,58200000.0,52772000.0,0.0,0.0,4.05,4.723483,11.88,2017-09-30,2017-06-30,2017-03-31,2016-12-31,6075000.0,6432000.0,4880000.0,4776000.0,9.25,,10.61,228084000.0,390555,10,277089000.0,271139000.0,266224000.0,259161000.0,22690627,2017-10-13,2247999,20.940643,ABAX,ABAX,319948000.0,317238000.0,305646000.0,293991000.0,148751000.0,137663000.0,142893000.0,137944000.0,,,,,42859000.0,46099000.0,39422000.0,34830000.0,58854000.0,58258000.0,58200000.0,52772000.0,1.3,4.6967998,55.95,43.66,-0.00752351097179,-0.102438102438,0.278675282714,-0.114488159612
21,4664000000.0,,13.3333,1.09058,22915000000.0,-1369000000.0,-544000000.0,1918000000.0,106000000.0,954000000.0,467000000.0,509000000.0,1428000000.0,ABB Ltd,0.3,6055000000.0,5855000000.0,5481000000.0,6478000000.0,21940000000.0,3649000000.0,5018000000.0,5562000000.0,3644000000.0,831000000.0,914000000.0,1049000000.0,1003000000.0,23.83292,24.6953,0.0323089046493,29452000000.0,0.76258,2.9106107,2017-04-18 00:00:00.0,2134451563,10156000000.0,2669000000.0,2599000000.0,2373000000.0,2515000000.0,,4.7,0.89,2016-12-31,55922630951,0.0454908220271,0.121575342466,0.0637434023549,ABB Ltd,571000000.0,525000000.0,724000000.0,425000000.0,2,1761000000.0,1715000000.0,1343000000.0,1837000000.0,23000000.0,-7000000.0,-353000000.0,-43000000.0,908000000.0,884000000.0,1030000000.0,678000000.0,8724000000.0,8454000000.0,7854000000.0,8993000000.0,0.0,0.0,3.92,1.6622723,7.41,2017-09-30,2017-06-30,2017-03-31,2016-12-31,357000000.0,319000000.0,291000000.0,349000000.0,5.28,,15.88,34025000000.0,250184,16,14244000000.0,13403000000.0,14403000000.0,13395000000.0,2134451563,2017-10-13,4376169,3.8695757,ABB,ABB,42407000000.0,40478000000.0,40306000000.0,39499000000.0,4647000000.0,5885000000.0,6786000000.0,5597000000.0,7892000000.0,7823000000.0,6934000000.0,6803000000.0,28163000000.0,27075000000.0,25903000000.0,26104000000.0,8724000000.0,8454000000.0,7854000000.0,8993000000.0,1.25,32.6704,26.48,20.26,0.254188606989,0.368146214099,0.410877759828,0.231203007519
22,11096000000.0,,1.4388,1.542596,19876000000.0,,1348000000.0,-360000000.0,-1118000000.0,,2003000000.0,2102000000.0,1541000000.0,AbbVie Inc.,1.39,1616000000.0,1528000000.0,1616000000.0,1555000000.0,16187000000.0,,6088000000.0,4740000000.0,5100000000.0,,3420000000.0,425000000.0,402000000.0,71.05022,86.96044,0.0148416886544,1.1103e+11,2.84,3.0765898,2018-01-11 00:00:00.0,1592710831,20958000000.0,5379000000.0,5416000000.0,4922000000.0,5241000000.0,,68.2,3.63,2016-12-31,147150881572,0.0201127196375,0.296124684078,0.394200271862,AbbVie Inc.,1631000000.0,1915000000.0,1711000000.0,1391000000.0,9,2674000000.0,2742000000.0,2503000000.0,2883000000.0,,,,,2705000000.0,2674000000.0,2419000000.0,2358000000.0,6995000000.0,6944000000.0,6538000000.0,6796000000.0,0.0,0.0,23.94,5.3954782,25.46,2017-09-30,2017-06-30,2017-03-31,2016-12-31,1222000000.0,1238000000.0,1135000000.0,1230000000.0,10.55,,108.67,27273000000.0,940448,17,,6009000000.0,4998000000.0,4636000000.0,1594094698,2017-10-13,14213032,1.9669651,ABBV,ABBV,,66994000000.0,65664000000.0,66099000000.0,,7205000000.0,6248000000.0,6423000000.0,,37237000000.0,36951000000.0,36842000000.0,,60985000000.0,60666000000.0,61463000000.0,6995000000.0,6944000000.0,6538000000.0,6796000000.0,5.31,71.190605,98.26,56.635,0.566966559158,0.439419928271,1.63742857143,0.479089889441
23,1541910000.0,,4.3796,0.968516,7927018000.0,1108517000.0,-1092966000.0,613299000.0,-950698000.0,1365323000.0,-244700000.0,798739000.0,-430355000.0,AmerisourceBergen Corporation,1.37,37947995000.0,37627269000.0,35890975000.0,37131585000.0,23078756000.0,2419984000.0,1311467000.0,2404433000.0,1791134000.0,,4119000.0,615847000.0,607980000.0,85.98314,80.4332,-0.0276875081243,12720921000.0,1.46,1.9518716,2017-08-17 00:00:00.0,214873584,4546002000.0,1172020000.0,1079875000.0,1256427000.0,1037680000.0,,71.7,6.32,2017-09-30,16389545062,-0.0705765407555,-0.0717299578059,-0.136158909805,AmerisourceBergen Corporation,-294587000.0,50352000.0,411473000.0,247246000.0,8,1257022000.0,909499000.0,631446000.0,637693000.0,,,,,-85002000.0,170376000.0,624981000.0,399987000.0,39120015000.0,38707144000.0,37147402000.0,38169265000.0,0.0,0.0,6.6,0.10702062,0.3,2017-09-30,2017-06-30,2017-03-31,2016-12-31,,,,,1.38,,22.42,1.53143826e+11,8060201,699,2114461000.0,2553514000.0,2529292000.0,2116557000.0,219111565,2017-10-13,11662135,7.0255985,ABC,ABC,35316470000.0,34654010000.0,34397013000.0,33919272000.0,2419984000.0,1311467000.0,2404433000.0,1791134000.0,,3785912000.0,4455445000.0,4479564000.0,33202009000.0,32100496000.0,31867721000.0,31802715000.0,39120015000.0,38707144000.0,37147402000.0,38169265000.0,5.86,5.251,97.85,68.705,0.0398999026832,-0.233685073251,0.85332011893,-0.0945406125166
24,0.0,,-3.0769,1.190058,0.0,,-81898000.0,160824000.0,-15686000.0,,-81581000.0,13253000.0,-7517000.0,Ameris Bancorp,0.65,,,,,,,277311000.0,359209000.0,198385000.0,,,,,46.03326,46.55605,0.00417536534447,0.0,0.4,0.83160084,2017-09-28 00:00:00.0,35350487,0.0,,,,,5.1,85.1,2.07,2016-12-31,1790813457,-0.0263157894737,0.0606394707828,0.0201484623542,Ameris Bancorp,20158000.0,23087000.0,21153000.0,18177000.0,4,,,,,,-14626000.0,-10009000.0,-9971000.0,,,,,,,,,48.9,13.2,2.28,4.7109447,21.57,2017-09-30,2017-06-30,2017-03-31,2016-12-31,,,,,1.17,,11.43,353047000.0,271993,9,801921000.0,782682000.0,758216000.0,646437000.0,37231049,2017-10-13,1197061,5.4955173,ABCB,ABCB,7649820000.0,7397858000.0,7094856000.0,6892031000.0,,,,,,,,,6847899000.0,6615176000.0,6336640000.0,6245594000.0,93854000.0,91346000.0,86296000.0,81551000.0,2.48,34.4056,51.275,35.15,0.30352303523,0.436249626754,3.2793594306,0.100686498856
25,0.0,,0.0,-0.694205,0.0,38000.0,-322000.0,-6808000.0,6870000.0,757000.0,-5047000.0,22721000.0,23431000.0,Cambium Learning Group Inc.,0.0,11543000.0,10275000.0,12656000.0,13656000.0,57789000.0,4646000.0,4608000.0,4930000.0,11738000.0,23084000.0,18060000.0,7350000.0,6475000.0,5.27345,6.1824,0.0642978003384,0.0,0.0,0.0,0,46057772,0.0,28819000.0,25695000.0,24831000.0,28457000.0,0.7,12.5,0.22,2016-12-31,291668558,-0.0263157894737,0.318658280922,0.171322160149,Cambium Learning Group Inc.,5792000.0,2530000.0,2940000.0,3828000.0,0,21357000.0,21798000.0,19514000.0,22580000.0,,,,,7462000.0,3897000.0,5317000.0,5877000.0,40362000.0,35970000.0,37487000.0,42113000.0,0.0,0.0,1.0,2.5707128,9.89,2017-06-30,2017-03-31,2016-12-31,2016-09-30,3294000.0,3098000.0,3425000.0,3301000.0,11.6,,-24.73,0.0,0,0,-52148000.0,-58502000.0,-61262000.0,-65492000.0,46370200,2017-10-13,56574,0.7322737,ABCD,ABCD,126508000.0,124311000.0,131940000.0,159469000.0,4646000.0,4608000.0,4930000.0,11738000.0,87298000.0,83891000.0,74480000.0,99532000.0,178656000.0,182813000.0,193202000.0,224961000.0,40362000.0,35970000.0,37487000.0,42113000.0,0.0,26.814499,6.87,4.25,0.198095238095,0.166975881262,7.37549933422,0.275862068966
26,119205000.0,,0.0,1.365493,440352000.0,-6047000.0,58929000.0,36063000.0,37601000.0,-10732000.0,28667000.0,56100000.0,33378000.0,The Advisory Board Company,0.36,101788000.0,98642000.0,96352000.0,104215000.0,697254000.0,144033000.0,150080000.0,91151000.0,55088000.0,63764000.0,56554000.0,49347000.0,42145000.0,50.66013,53.5035,-0.0041782729805,2315434000.0,0.0,0.0,0,39927874,398148000.0,98511000.0,95897000.0,107500000.0,96240000.0,,,2.24,2016-12-31,2185698801,-0.00510204081633,0.00421348314607,0.04736328125,The Advisory Board Company,14747000.0,19654000.0,35866000.0,37538000.0,8,99361000.0,94277000.0,81980000.0,84106000.0,-17736000.0,-21577000.0,-14182000.0,-32929000.0,-850000.0,1620000.0,25520000.0,12134000.0,200299000.0,194539000.0,203852000.0,200455000.0,0.0,0.0,3.88,3.6627164,11.73,2017-06-30,2017-03-31,2016-12-31,2016-09-30,,,,,5.39,,21.47,799145000.0,210301,20,566073000.0,548416000.0,517044000.0,470597000.0,40758952,2017-10-13,2106234,2.2362757,ABCO,ABCO,2045254000.0,2034768000.0,2036878000.0,1970962000.0,144033000.0,150080000.0,91151000.0,55088000.0,598981000.0,601974000.0,585454000.0,529025000.0,1479181000.0,1486352000.0,1519834000.0,1500365000.0,200299000.0,194539000.0,203852000.0,200455000.0,1.64,48.958298,59.5,30.4,0.545389048991,0.00553159572473,0.107954545455,0.55886627907
27,0.0,,0.0,0.688128,0.0,-917113.0,828127.0,-2816639.0,1669493.0,5265544.0,-2205186.0,34119095.0,-16159151.0,Alcentra Capital Corp.,0.33,,,,,,3802620.0,4719733.0,3891606.0,6708245.0,,,,,11.74835,10.29052,-0.0724029380902,0.0,1.36,15.384615,2017-09-28 00:00:00.0,14114365,0.0,,,,,0.9,32.2,0.64,2016-12-31,125927745,-0.172284644195,-0.197822141561,-0.389924085576,Alcentra Capital Corp.,-5153066.0,1031078.0,4923386.0,-1842527.0,5,,,,,2838943.0,-6960943.0,38354672.0,-29837364.0,,,,,,,,,0.0,0.0,0.73,4.402899,2.82,2017-06-30,2017-03-31,2016-12-31,2016-09-30,,,,,-0.36,,-0.56,31502122.0,,2,181275604.0,180418443.0,184524591.0,184658193.0,14245220,2017-10-13,10562,0.14168432,ABDC,ABDC,280064952.0,293892116.0,288198047.0,323265326.0,,,,,,,,,98789348.0,113473673.0,103673456.0,138607133.0,6825042.0,7674541.0,9362982.0,7639557.0,1.5,-23.5537,14.73,8.51,-0.26821192053,-0.270627062706,-0.412624584718,-0.268817204301
28,0.0,,0.0,1.037694,0.0,,,,,,,,,Aberdeen Emerging Markets Company Oppotunities Fund Inc.,0.0,,,,,,,,,,,,,,13.47917,14.35411,-0.00249653259362,0.0,0.2586,1.7978309,2017-07-20 00:00:00.0,9440907,0.0,,,,,,75.2,1.25,2016-10-31,136429550,-0.0221617946975,0.0150306964928,0.0599852616065,Aberdeen Emerging Markets Company Oppotunities Fund Inc.,,,,,0,,,,,,,,,,,,,,,,,0.0,0.0,2.46,25.406239,,2017-04-30,,2016-10-31,,,,,,8.58,,17.87,0.0,NaN,0,142878539.0,,139163770.0,,9484813,2017-10-13,7195,0.6091263,ABE,ABE,143173807.0,,140553040.0,,,,,,,,,,295268.0,,1389270.0,,,,,,0.0,20.365501,15.04,10.9,0.180952380952,0.259544658494,-0.3000486618,0.26731277533
29,-22217000.0,,0.0,2.908189,221843000.0,-4908000.0,-5930000.0,37957000.0,-3118000.0,-4982000.0,-5857000.0,-3393000.0,-3989000.0,Abeona Therapeutics Inc.,-0.16,,,,,31947000.0,58304000.0,63212000.0,69142000.0,31185000.0,,,,,8.5575,16.001,-0.054441260745,0.0,0.0,0.0,0,44641501,0.0,,,,,,39.8,-0.64,2016-12-31,769927274,-0.0677966101695,1.0,1.9203539823,Abeona Therapeutics Inc.,-8279000.0,-5247000.0,-7002000.0,-2624000.0,2,8657000.0,5470000.0,6088000.0,5358000.0,,,,,-8440000.0,-5284000.0,-5832000.0,-5174000.0,217000.0,186000.0,256000.0,184000.0,0.0,0.0,9.4,1186.0287,,2017-06-30,2017-03-31,2016-12-31,2016-09-30,5808000.0,2198000.0,3037000.0,2745000.0,-26.78,,-30.4,843000.0,44368,0,89078000.0,95706000.0,99098000.0,63485000.0,46662259,2017-10-13,6510988,4.496368,ABEO,ABEO,96659000.0,105284000.0,111058000.0,73814000.0,58304000.0,63212000.0,69142000.0,31185000.0,,,,,7581000.0,9578000.0,11960000.0,10329000.0,217000.0,186000.0,256000.0,184000.0,-0.61,189.4737,22.75,4.05,1.97297297297,2.69955156951,0.941176470588,2.3
30,5993667808.17,,0.0,0.680386,10116116129.0,-16847597.0,377059606.09,-153836880.85,285066550.0,1442603151.0,733233567.94,635693603.68,2437352800.0,Ambev S.A. American Depositary Shares (Each representing 1),0.06,1416746989.0,1224212835.49,1448897756.53,1415685100.0,7339219300.0,2636411863.0,2640124277.21,2315711377.19,2420146800.0,622349601.0,1094089441.41,1111757158.46,1115501850.0,5.90643,6.56552,-0.0283464566929,5850381213.95,0.211933,3.4348946,2017-06-26 00:00:00.0,15707817165,8840972663.36,2174762418.0,1880918831.24,2152189639.12,2633101775.0,,7.5,0.24,2016-12-31,96917231908,-0.0665658093797,0.00325203252033,0.0493197278912,Ambev S.A. American Depositary Shares (Each representing 1),63218.0,608796086.68,704448914.55,1435564175.0,1,1032476376.0,961941714.79,1031064429.81,704954400.0,-12517164.0,-4032334.94,1391513.52,-8480100.0,1142286042.0,918977116.45,1121125209.31,1928208825.0,3591509407.0,3105131666.73,3601087395.65,4048786875.0,0.0,0.0,6.94,6.7554545,22.02,2017-09-30,2017-06-30,2017-03-31,2016-12-31,,,,,10.86,,18.61,14346515344.4,269418,1,14908732549.0,14445889517.8,15005780369.1,13772481250.0,15707817165,2017-10-13,25589175,1.1490439,ABEV,ABEV,26241918236.0,25439942166.5,25861503640.9,25760270150.0,2638877365.0,2650959929.92,2319241734.12,2507037100.0,1052453264.0,1495325819.77,1644588955.18,1658013175.0,11333185687.0,10994052648.7,10855723271.7,11987788900.0,3591509407.0,3105131666.73,3601087395.65,4048786875.0,0.23,15.675301,7.03,4.7,0.107719928187,0.238955823293,-0.145429362881,0.216962524655
31,370900000.0,,-5.7325,1.545483,12000000.0,100000.0,-400000.0,-300000.0,-300000.0,124900000.0,20000000.0,98300000.0,-9000000.0,Asbury Automotive Group Inc,1.57,1341800000.0,1364700000.0,1291600000.0,1401900000.0,1332400000.0,2800000.0,2700000.0,3100000.0,3400000.0,702600000.0,834900000.0,825700000.0,94900000.0,58.72775,58.257,0.0180772391126,6086300000.0,0.0,0.0,0,18945909,1052100000.0,260300000.0,267100000.0,260100000.0,264600000.0,,,7.42,2016-12-31,1289656639,0.00323886639676,0.142988929889,0.0473372781065,Asbury Automotive Group Inc,30700000.0,31900000.0,34000000.0,67100000.0,7,190600000.0,195500000.0,187800000.0,184500000.0,,,,,69700000.0,71600000.0,72300000.0,80100000.0,1602100000.0,1631800000.0,1551700000.0,1666500000.0,0.0,0.0,3.68,0.19988169,2.67,2017-09-30,2017-06-30,2017-03-31,2016-12-31,,,,,6.97,,53.3,6452100000.0,816722,310,347300000.0,318100000.0,298200000.0,279700000.0,20817702,2017-10-13,1654103,9.648178,ABG,ABG,2269800000.0,2367000000.0,2399700000.0,2336100000.0,2800000.0,2700000.0,3100000.0,3400000.0,1604000000.0,1740100000.0,1734600000.0,1007600000.0,1922500000.0,2048900000.0,2101500000.0,2056400000.0,1602100000.0,1631800000.0,1551700000.0,1666500000.0,6.2,26.816801,71.0,47.5,0.23406374502,-0.207192219094,0.970419847328,-0.0088
32,0.0,,0.0,-0.083401,0.0,-2479000.0,-3370000.0,-7611000.0,-2306000.0,-2626000.0,-3359000.0,-6289000.0,-3161000.0,Ability Inc.,0.0,543000.0,620000.0,1164000.0,3197000.0,24923000.0,5991000.0,8470000.0,11840000.0,19451000.0,,,,,1.35202,0.75437,-0.0573134328358,0.0,0.0,0.0,0,9507874,0.0,-508000.0,177000.0,1374000.0,3295000.0,63.1,11.1,-0.34,2016-12-31,16267579,-0.215111221573,0.0686971235195,-0.157866666667,Ability Inc.,-3113000.0,-3000000.0,-3832000.0,-889000.0,0,2652000.0,3232000.0,5112000.0,4434000.0,,,,,-3160000.0,-3055000.0,-3738000.0,-1139000.0,35000.0,797000.0,2538000.0,6492000.0,0.0,0.0,4.74,4.779025,,2017-06-30,2017-03-31,2016-12-31,2016-09-30,,,,,-34.4,,-117.6,0.0,0,0,3589000.0,6702000.0,9702000.0,13534000.0,25756142,2017-10-13,149276,0.5202124,ABIL,ABIL,22901000.0,27583000.0,31835000.0,37783000.0,5991000.0,8470000.0,11840000.0,19451000.0,,,,,19312000.0,20881000.0,22133000.0,24249000.0,35000.0,797000.0,2538000.0,6492000.0,0.0,-76.6074,3.6,0.5653,-0.788691870191,-0.937403369673,-0.93684,-0.780686829404
33,0.0,,0.0,1.881735,0.0,2931000.0,-1231000.0,-694000.0,-6284000.0,-4958000.0,-4344000.0,-3842000.0,-3736000.0,ARCA biopharma Inc.,0.0,,,,,23788000.0,9101000.0,6170000.0,7401000.0,8095000.0,,,,,2.07349,1.26154,0.0208333333333,0.0,0.0,0.0,0,13979594,0.0,,,,,,29.9,-1.8,2016-12-31,17645125,-0.183333333333,-0.355263157895,-0.519607843137,ARCA biopharma Inc.,-5522000.0,-4338000.0,-4244000.0,-4659000.0,0,5559000.0,4381000.0,4292000.0,4712000.0,,,,,-5559000.0,-4381000.0,-4292000.0,-4712000.0,,,,,0.0,0.0,1.18,,,2017-06-30,2017-03-31,2016-12-31,2016-09-30,4508000.0,3246000.0,3121000.0,3720000.0,-52.21,,-55.65,0.0,0,0,14747000.0,18036000.0,22194000.0,26480000.0,14404184,2017-10-13,111019,1.1651379,ABIO,ABIO,17296000.0,20589000.0,24629000.0,28679000.0,16007000.0,19211000.0,21163000.0,23468000.0,,,,,2549000.0,2553000.0,2435000.0,2199000.0,,,,,0.0,-46.7391,3.0,1.05,-0.455555555556,-0.770168855535,-0.896572104019,-0.547970479705
34,0.0,,0.0,0.0,0.0,,,,,,,,,Ablynx NV,0.0,,,,,,,,,,,,,,,,0.0285855101035,0.0,0.0,0.0,0,74720644,0.0,,,,,,,-0.02,2016-12-31,1559419840,0.0702564102564,0.0702564102564,0.0702564102564,Ablynx NV,,,,,0,,,,,,,,,,,,,,,,,0.0,0.0,16.58,23.264997,-74.24,2017-06-30,,2016-12-31,,,,,,-17.89,,-47.81,0.0,0,0,91890342.72,,108449413.975,,74720644,0,0,,ABLX,ABLX,268752290.4,,280727761.58,,231795994.32,,246080354.8,,,,,,176861947.68,,172278347.605,,,,,,0.0,0.0,23.66,17.75,0.0702564102564,0.0702564102564,0.0702564102564,0.0702564102564
35,171700000.0,,-3.7736,0.805338,209400000.0,-8000000.0,14900000.0,-12700000.0,1900000.0,-22800000.0,59200000.0,-11100000.0,8400000.0,ABM Industries Incorporated,0.53,1184500000.0,1164600000.0,1195100000.0,1193300000.0,993700000.0,47700000.0,55700000.0,42600000.0,53500000.0,,,,,42.00431,41.81912,-0.0221481305073,0.0,0.68,1.656113,2017-10-04 00:00:00.0,58645288,540400000.0,133900000.0,145900000.0,131600000.0,129000000.0,,91.7,1.01,2016-10-31,2674480382,-0.0366025340216,-0.0814317673378,-0.0468895078923,ABM Industries Incorporated,32900000.0,31300000.0,-56800000.0,7800000.0,3,111500000.0,94900000.0,107800000.0,118300000.0,1300000.0,-900000.0,-700000.0,-600000.0,22600000.0,51000000.0,23800000.0,10700000.0,1318400000.0,1310500000.0,1326700000.0,1322300000.0,0.0,0.0,2.82,0.67612517,0.19,2017-07-31,2017-04-30,2017-01-31,2016-10-31,,,,,0.64,,1.5,5277900000.0,47981,81,968600000.0,937600000.0,907400000.0,974000000.0,65135908,2017-10-13,2157909,6.6172013,ABM,ABM,2352900000.0,2394200000.0,2411900000.0,2281200000.0,47700000.0,55700000.0,50000000.0,56000000.0,,,,,1384300000.0,1456600000.0,1504500000.0,1307200000.0,1318400000.0,1310500000.0,1326700000.0,1322300000.0,1.89,8.9642,45.12,37.12,0.0528205128205,0.433659217877,1.10780287474,0.00637254901961
36,127765000.0,,17.2414,0.173394,985265000.0,566000.0,4930000.0,-22029000.0,6360000.0,43157000.0,36294000.0,37255000.0,34125000.0,ABIOMED Inc.,0.29,21627000.0,21862000.0,19261000.0,18987000.0,333419000.0,44536000.0,43970000.0,39040000.0,61069000.0,851000.0,829000.0,799000.0,770000.0,140.44765,166.4996,0.085914865166,64973000.0,0.0,0.0,0,41415694,422908000.0,111196000.0,110606000.0,105419000.0,95687000.0,,94.8,1.17,2017-03-31,8614732802,0.114478499543,0.270948809912,0.490289035021,ABIOMED Inc.,24503000.0,37374000.0,14899000.0,15432000.0,6,79470000.0,77528000.0,76425000.0,70284000.0,,,,,31726000.0,33078000.0,28994000.0,25403000.0,132823000.0,132468000.0,124680000.0,114674000.0,0.0,0.0,15.04,16.646076,17.97,2017-09-30,2017-06-30,2017-03-31,2016-12-31,19390000.0,16931000.0,16325000.0,16349000.0,15.49,,18.06,504645000.0,555776,11,604886000.0,567044000.0,452071000.0,417380000.0,44200784,2017-10-13,1404077,4.766466,ABMD,ABMD,694653000.0,652217000.0,550414000.0,500964000.0,263197000.0,251411000.0,229948000.0,240709000.0,15961000.0,16154000.0,16338000.0,16520000.0,89767000.0,85173000.0,98343000.0,83584000.0,132823000.0,132468000.0,124680000.0,114674000.0,1.07,90.1278,195.02,103.53,0.815725731321,1.40350228142,13.6101949025,0.734603061588
37,0.0,,38.8889,0.587884,0.0,-24083843.0,-33802198.0,67031456.0,-88563730.0,234675630.0,73239764.0,-346585843.0,131281632.0,Arbor Realty Trust,0.18,,,,,,80759389.0,104843232.0,138645430.0,71613974.0,,,,,7.9031,8.2026,0.043956043956,0.0,0.76,8.888889,2017-11-14 00:00:00.0,57645097,0.0,,,,,,41.9,0.83,2016-12-31,524541782,0.0166468489893,0.0351089588378,-0.0284090909091,Arbor Realty Trust,13817868.0,17502104.0,22423046.0,12776602.0,1,,,,,2944.0,-7879020.0,-1800689.0,-4929375.0,,,,,,,,,0.0,0.0,0.87,2.089258,29.0,2017-06-30,2017-03-31,2016-12-31,2016-09-30,,,,,2.4,,10.97,190553385.0,661644,3,674579943.0,596936316.0,587140735.0,570619035.0,61349916,2017-10-13,1640931,4.869434,ABR,ABR,2935445368.0,2914427834.0,2970786246.0,2650220728.0,,,,,,,,,2260865425.0,2317491518.0,2383645511.0,2079601693.0,58789199.0,68298944.0,63465242.0,52467633.0,1.01,29.2982,8.99,6.92,0.176066024759,0.303353658537,0.577490774908,0.122047244094
38,5840000000.0,,1.5385,1.561038,48669000000.0,1337000000.0,969000000.0,-9914000000.0,16120000000.0,2005000000.0,1351000000.0,574000000.0,1170000000.0,Abbott Laboratories,0.65,2857000000.0,3173000000.0,3044000000.0,2312000000.0,26776000000.0,11012000000.0,9675000000.0,8706000000.0,18620000000.0,715000000.0,221000000.0,210000000.0,1325000000.0,47.23353,53.13776,0.0217351261742,94036000000.0,1.06,1.9109428,2017-10-12 00:00:00.0,1723649246,13748000000.0,3972000000.0,3464000000.0,3291000000.0,3021000000.0,,71.4,0.94,2016-12-31,96375977854,0.00854545454545,0.125152129817,0.241495076097,Abbott Laboratories,603000000.0,283000000.0,419000000.0,798000000.0,11,3162000000.0,3037000000.0,3493000000.0,2073000000.0,-12000000.0,,-1151000000.0,,810000000.0,427000000.0,-202000000.0,948000000.0,6829000000.0,6637000000.0,6335000000.0,5333000000.0,0.0,0.0,2.98,3.8344865,8.61,2017-09-30,2017-06-30,2017-03-31,2016-12-31,562000000.0,513000000.0,547000000.0,343000000.0,3.71,,7.83,25134000000.0,335120,14,32032000000.0,31602000000.0,31362000000.0,20538000000.0,1737443264,2017-10-13,13134154,2.0691786,ABT,ABT,72248000000.0,71151000000.0,70887000000.0,52666000000.0,11199000000.0,9835000000.0,8860000000.0,18775000000.0,24025000000.0,24031000000.0,23974000000.0,22006000000.0,40216000000.0,39549000000.0,39525000000.0,32128000000.0,6829000000.0,6637000000.0,6335000000.0,5333000000.0,2.41,47.8815,56.685,37.38,0.391620672353,0.215647600263,0.783566876523,0.420486555698
39,0.0,,-55.102,2.427822,0.0,,3345000.0,42048000.0,-82984000.0,,7589000.0,9107000.0,6143000.0,Allegiance Bancshares Inc.,0.49,,,,,,,187491000.0,184146000.0,142098000.0,,310000000.0,75000000.0,85000000.0,37.04813,36.599,-0.00514800514801,1209374000.0,0.0,0.0,0,12557011,0.0,,,,,4.6,39.1,1.75,2016-12-31,508691589,0.0292942743009,0.0403768506057,-0.020278833967,Allegiance Bancshares Inc.,2986000.0,5395000.0,6047000.0,5771000.0,2,,,,,,,,-30000.0,,,,,,,,,0.0,0.0,1.73,4.279462,16.88,2017-09-30,2017-06-30,2017-03-31,2016-12-31,,,,,0.77,,6.92,105410000.0,322355,8,302727000.0,298459000.0,289130000.0,279817000.0,13161490,2017-10-13,467140,16.883154,ABTX,ABTX,2813434000.0,2724716000.0,2592330000.0,2450948000.0,,,,,,629818000.0,284791000.0,294765000.0,2510707000.0,2426257000.0,2303200000.0,2171131000.0,28457000.0,26584000.0,25469000.0,24900000.0,1.51,48.3685,40.45,25.6,0.43947858473,0.622586062133,0.671712802768,0.0781032078103
40,-307863000.0,,55.2632,1.100473,432126000.0,-8987000.0,-5639000.0,6438000.0,-3217000.0,-15680000.0,-5078000.0,-17535000.0,-14822000.0,Arbutus Biopharma Corporation,-0.38,15537000.0,15445000.0,13872000.0,17156000.0,132564000.0,15225000.0,24212000.0,29851000.0,23413000.0,,,,,3.93375,5.902,0.0833333333333,0.0,0.0,0.0,0,50995126,-54039000.0,-8645000.0,-14406000.0,-13637000.0,-17351000.0,,,-7.24,2016-12-31,360925468,-0.0909090909091,0.830985915493,0.940298507463,Arbutus Biopharma Corporation,-11600000.0,-18255000.0,-18627000.0,-218695000.0,3,4252000.0,5079000.0,4662000.0,240088000.0,,,,,-12897000.0,-19485000.0,-18299000.0,-257439000.0,6892000.0,1039000.0,235000.0,-195000.0,0.0,0.0,1.78,37.96539,,2017-09-30,2017-06-30,2017-03-31,2016-12-31,,,,,-68.73,,-88.68,7971000.0,65336,0,167391000.0,175786000.0,189098000.0,203005000.0,55526995,2017-10-13,342668,0.4609011,ABUS,ABUS,239845000.0,255075000.0,268140000.0,275919000.0,88179000.0,103009000.0,110379000.0,130559000.0,,,,,72454000.0,79289000.0,79042000.0,72914000.0,6892000.0,1039000.0,235000.0,-195000.0,-1.17,113.1148,8.25,2.35,1.20338983051,0.0961214165261,0.536643026005,1.6
41,6065000000.0,,-5.8824,-0.399355,9617000000.0,-901000000.0,649000000.0,-112000000.0,-259000000.0,532000000.0,448000000.0,495000000.0,711000000.0,Barrick Gold Corporation,0.17,1270000000.0,1277000000.0,1342000000.0,1454000000.0,4874000000.0,2025000000.0,2926000000.0,2277000000.0,2389000000.0,63000000.0,116000000.0,120000000.0,143000000.0,17.22051,16.47292,-0.0469707283867,29575000000.0,0.12,0.85714287,2017-11-29 00:00:00.0,1166263347,3122000000.0,723000000.0,883000000.0,651000000.0,865000000.0,,62.4,0.0,2016-12-31,16327686858,-0.15611814346,-0.15509957755,-0.138991389914,Barrick Gold Corporation,-11000000.0,1084000000.0,679000000.0,425000000.0,7,169000000.0,126000000.0,147000000.0,121000000.0,20000000.0,-892000000.0,-12000000.0,-206000000.0,554000000.0,757000000.0,504000000.0,744000000.0,1993000000.0,2160000000.0,1993000000.0,2319000000.0,0.0,0.0,1.72,1.4522978,28.61,2017-09-30,2017-06-30,2017-03-31,2016-12-31,,,,,8.4,,24.93,8465000000.0,465622,7,9614000000.0,9642000000.0,8584000000.0,7935000000.0,1166263347,2017-10-13,11195937,1.5253867,ABX,ABX,25072000000.0,25807000000.0,26411000000.0,25264000000.0,2025000000.0,2926000000.0,2277000000.0,2389000000.0,6447000000.0,7444000000.0,7753000000.0,7931000000.0,15458000000.0,16165000000.0,17827000000.0,17329000000.0,1993000000.0,2160000000.0,1993000000.0,2319000000.0,0.74,-23.1302,20.78,13.805,-0.193083573487,0.985815602837,-0.60629810545,-0.145820622331
42,699854000.0,,0.0,1.124674,3281293000.0,8624000.0,-8633000.0,-63801000.0,112862000.0,17908000.0,86372000.0,32226000.0,184329000.0,Atlantica Yield plc,0.6,6064000.0,1076000.0,2438000.0,6880000.0,1198157000.0,614312000.0,589392000.0,594811000.0,673447000.0,309296000.0,346109000.0,993144000.0,2023777000.0,20.52659,20.81517,0.0385996409336,24520080000.0,1.04,4.494382,2017-08-29 00:00:00.0,100217260,970876000.0,279005000.0,197070000.0,206409000.0,288392000.0,,,-0.05,2016-12-31,2319027396,0.122755943717,0.0522964984084,0.149528067561,Atlantica Yield plc,24382000.0,-11769000.0,-14513000.0,33014000.0,2,132063000.0,120379000.0,168494000.0,126365000.0,,,,,146942000.0,76691000.0,37915000.0,162027000.0,285069000.0,198146000.0,208847000.0,295272000.0,0.0,0.0,1.19,3.342207,-0.15,2017-06-30,2017-03-31,2016-12-31,2016-09-30,,,,,0.29,,1.65,987334000.0,5947795,10,1882109000.0,1816302000.0,1832716000.0,1852054000.0,100217260,2017-10-13,552520,1.0940969,ABY,ABY,10523973000.0,10331787000.0,10297799000.0,10756313000.0,750498000.0,796445000.0,822849000.0,911501000.0,6158664000.0,6078171000.0,5998668000.0,6284577000.0,8641864000.0,8515485000.0,8465083000.0,8904259000.0,285069000.0,198146000.0,208847000.0,295272000.0,0.3,42.647,24.13,16.55,0.286270150083,0.111965401249,-0.374594594595,0.188495120699
43,0.0,,0.0,0.915098,0.0,11877000.0,-6442000.0,-88310000.0,207677000.0,16580000.0,-14418000.0,-52252000.0,66478000.0,Associated Capital Group Inc.,0.0,,,,,432059000.0,319528000.0,307651000.0,314093000.0,402403000.0,,,,,35.1216,36.123,0.0,0.0,0.2,0.5427408,2017-06-23 00:00:00.0,23799045,0.0,,,,,0.3,15.4,0.41,2016-12-31,879395144,-0.00807537012113,0.104947526237,0.11329305136,Associated Capital Group Inc.,4596000.0,-13078000.0,3647000.0,3959000.0,0,11548000.0,9319000.0,16163000.0,9948000.0,-4036000.0,18435000.0,-3954000.0,-3931000.0,-6453000.0,-4332000.0,132000.0,-4497000.0,5095000.0,4987000.0,16295000.0,5451000.0,0.0,0.0,1.0,33.33947,-18.06,2017-06-30,2017-03-31,2016-12-31,2016-09-30,,,,,-0.1,,-0.11,0.0,0,0,886920000.0,881831000.0,874022000.0,898069000.0,23864183,2017-10-13,269935,12.698641,AC,AC,926837000.0,917633000.0,952603000.0,924811000.0,319528000.0,307651000.0,314093000.0,402403000.0,,,,,39917000.0,35802000.0,78581000.0,26742000.0,5095000.0,4987000.0,16295000.0,5451000.0,0.0,11.3189,39.35,32.2,0.0886262924668,0.417307692308,0.417307692308,0.093471810089
44,-305315000.0,,0.0,3.919176,2004696000.0,-13594000.0,-6237000.0,9941000.0,21905000.0,-58900000.0,-70661000.0,-63189000.0,-49262000.0,ACADIA Pharmaceuticals Inc.,-0.63,2224000.0,2263000.0,1704000.0,845000.0,603490000.0,143789000.0,157383000.0,163620000.0,153679000.0,,,,,33.08565,36.3234,0.0190449118818,0.0,0.0,0.0,0,121869885,55955000.0,28251000.0,13023000.0,10258000.0,4423000.0,,99.5,-2.34,2016-12-31,4388050970,-0.0697976128697,0.172718351325,0.127713117332,ACADIA Pharmaceuticals Inc.,-67441000.0,-87843000.0,-78696000.0,-71613000.0,6,96685000.0,101829000.0,88489000.0,76822000.0,,,,,-68434000.0,-88806000.0,-78231000.0,-72399000.0,30475000.0,15286000.0,11962000.0,5268000.0,0.0,0.0,10.27,74.44995,,2017-06-30,2017-03-31,2016-12-31,2016-09-30,34180000.0,35409000.0,30218000.0,25813000.0,-67.39,,-73.14,62991000.0,149979,1,415140000.0,457524000.0,518411000.0,578058000.0,122400306,2017-10-13,6743706,4.7914047,ACAD,ACAD,456315000.0,503013000.0,561153000.0,617384000.0,417320000.0,469481000.0,529036000.0,588859000.0,,,,,41175000.0,45489000.0,42742000.0,39326000.0,30475000.0,15286000.0,11962000.0,5268000.0,-2.53,71.7777,41.2,21.925,0.559373640713,-0.0244897959184,13.8140495868,0.246089676747
45,0.0,,-15.7895,0.917222,0.0,,-115778000.0,48691000.0,22253000.0,,42563000.0,21448000.0,98361000.0,Atlantic Capital Bancshares Inc.,0.19,,,,,,,98638000.0,214416000.0,165725000.0,,,,,18.53188,17.708,-0.00903614457831,0.0,0.0,0.0,0,25004056,0.0,,,,,2.6,71.7,0.53,2016-12-31,422133830,-0.125,-0.136482939633,-0.136482939633,Atlantic Capital Bancshares Inc.,4052000.0,4329000.0,3230000.0,1609000.0,3,,,,,,-1664000.0,-840000.0,-3285000.0,,,,,,,,,0.0,0.0,1.32,3.8437173,11.96,2017-09-30,2017-06-30,2017-03-31,2016-12-31,,,,,0.49,,4.18,96362000.0,279310,4,324754000.0,319435000.0,310967000.0,303658000.0,25661631,2017-10-13,471616,4.8207707,ACBI,ACBI,2638412000.0,2702575000.0,2802078000.0,2727543000.0,,,,,,,,,2313658000.0,2383140000.0,2491111000.0,2423885000.0,23768000.0,25776000.0,23110000.0,23708000.0,0.55,15.035001,20.2,14.35,0.122866894198,0.162544169611,0.0966666666667,-0.12962962963
46,343434000.0,,-4.4444,0.2726,98087000.0,,-8654000.0,11990000.0,-10253000.0,,61659000.0,66979000.0,65252000.0,American Campus Communities Inc,0.45,107225000.0,82891000.0,82305000.0,87338000.0,55385000.0,,25476000.0,34130000.0,22140000.0,,,,,46.73742,45.4024,0.0103764478764,0.0,1.76,4.203487,2017-11-10 00:00:00.0,135367735,413097000.0,89713000.0,96117000.0,110633000.0,116634000.0,,,0.76,2016-12-31,5712177806,-0.0662355040143,-0.112171331637,-0.0911656175385,American Campus Communities Inc,-1312000.0,-2762000.0,34050000.0,24527000.0,7,72138000.0,83507000.0,61414000.0,64910000.0,,632000.0,,9053000.0,17575000.0,12610000.0,49219000.0,51724000.0,196938000.0,179008000.0,192938000.0,203972000.0,84.2,35.6,1.6,7.3909993,8.3,2017-09-30,2017-06-30,2017-03-31,2016-12-31,,,,,1.02,,1.89,772856000.0,243803,6,3500093000.0,3554000000.0,3487778000.0,3444985000.0,136426506,2017-10-13,1572630,2.174312,ACC,ACC,6686891000.0,6224973000.0,5987966000.0,5865913000.0,16341000.0,25476000.0,34130000.0,22140000.0,,,,,3186798000.0,2670973000.0,2500188000.0,2420928000.0,196938000.0,179008000.0,192938000.0,203972000.0,2.23,-11.5974,51.7,41.06,-0.143762781186,0.0543943591035,-0.0913628472222,-0.142008196721
47,216000000.0,,6.0606,1.518094,364700000.0,-900000.0,-16100000.0,75400000.0,-58100000.0,107800000.0,-57500000.0,65400000.0,55000000.0,Acco Brands Corporation,0.33,354300000.0,321500000.0,249000000.0,283900000.0,670700000.0,101300000.0,102200000.0,118300000.0,42900000.0,28600000.0,29100000.0,19400000.0,68500000.0,12.30588,12.0615,-0.00772200772201,3849100000.0,0.0,0.0,0,105838756,610900000.0,177900000.0,168500000.0,110800000.0,153700000.0,,96.0,0.87,2016-12-31,1398644256,0.0158102766798,0.147321428571,0.0239043824701,Acco Brands Corporation,30600000.0,23500000.0,3600000.0,6100000.0,3,119200000.0,123100000.0,101500000.0,94000000.0,200000.0,,,30100000.0,58700000.0,45400000.0,9300000.0,59700000.0,532200000.0,490000000.0,359800000.0,437600000.0,18.6,4.9,1.98,0.7686548,3.74,2017-09-30,2017-06-30,2017-03-31,2016-12-31,,,,,2.5,,8.63,1819600000.0,361032,17,721500000.0,717000000.0,717200000.0,708700000.0,108843911,2017-10-13,2946096,5.6811924,ACCO,ACCO,2856700000.0,2883300000.0,2698100000.0,2064500000.0,101300000.0,102200000.0,118300000.0,42900000.0,1034500000.0,1096300000.0,1022100000.0,696200000.0,2135200000.0,2166300000.0,1980900000.0,1355800000.0,532200000.0,490000000.0,359800000.0,437600000.0,1.02,18.9815,14.75,10.35,0.173515981735,0.535244922342,0.695250659631,-0.0265151515152
48,-5224997.0,,0.0,2.238506,13906284.0,-998322.0,-622275.0,-2369348.0,-2033060.0,-932983.0,-1021166.0,-2327916.0,-2301070.0,Acer Therapeutics Inc.,0.0,,,,,6039106.0,1824355.0,2822677.0,3444952.0,5814300.0,26532.0,91871.0,156642.0,,9.69827,14.04764,0.0291929021179,0.0,0.0,0.0,0,0,0.0,,,,,,8.7,-11.7,2016-12-31,13295203,0.0303724928367,0.87704224911,1.96191354771,Acer Therapeutics Inc.,-678192.0,-926272.0,-1709095.0,-2005904.0,0,677864.0,925893.0,2443208.0,2730500.0,,,2320.0,,-677864.0,-925893.0,-1716916.0,-2004209.0,,,726292.0,726291.0,0.0,0.0,7.92,18.173235,,2017-06-30,2017-03-31,2016-12-31,2016-09-30,796.0,206024.0,687801.0,2165728.0,-91.04,,-138.28,1452583.0,726292,2,1611778.0,2241693.0,2706026.0,4330089.0,739444,2017-10-13,49081,1.1065494,ACER,ACER,1980325.0,3060008.0,3866514.0,7177424.0,1824355.0,2822677.0,3444952.0,5814300.0,,,,,368547.0,818315.0,1160488.0,2847335.0,,,726292.0,726291.0,-5.07,160.46669,22.6307,5.177764,2.04606366578,-0.467401285583,-0.915485238355,0.847095806538
49,44704000.0,,-7.1429,1.388589,189573000.0,-4282000.0,-8046000.0,-5134000.0,6314000.0,13016000.0,11344000.0,9557000.0,10650000.0,Aceto Corporation,0.42,157791000.0,147809000.0,94747000.0,97179000.0,356057000.0,55680000.0,59962000.0,68008000.0,73142000.0,14466000.0,14466000.0,14466000.0,197000.0,14.23207,10.8494,-0.025641025641,1104391000.0,0.26,2.631579,2017-09-07 00:00:00.0,27575718,109953000.0,36829000.0,42319000.0,30805000.0,30839000.0,,81.6,0.34,2017-06-30,302735590,-0.148275862069,-0.385572139303,-0.294285714286,Aceto Corporation,1967000.0,5588000.0,-564000.0,4385000.0,2,29626000.0,29126000.0,29412000.0,22074000.0,-778000.0,-514000.0,-719000.0,-325000.0,7203000.0,13193000.0,1393000.0,8765000.0,194620000.0,190128000.0,125552000.0,128018000.0,30.6,11.7,0.76,0.55422056,1.36,2017-06-30,2017-03-31,2016-12-31,2016-09-30,2900000.0,2607000.0,1341000.0,1050000.0,1.42,,3.16,510300000.0,1784266,17,407672000.0,402151000.0,396295000.0,309823000.0,30641254,2017-10-13,2112015,5.469076,ACET,ACET,1040790000.0,1058620000.0,1044714000.0,544695000.0,57726000.0,61928000.0,69919000.0,75052000.0,353666000.0,367790000.0,382935000.0,120172000.0,633118000.0,656469000.0,648419000.0,234872000.0,194620000.0,190128000.0,125552000.0,128018000.0,1.26,-36.0349,22.46,8.29,-0.435750999429,-0.647520513735,-0.0313725490196,-0.548239597622
